{"epoch": 18, "train_loss": 0.011928714275530546, "dev_mape": 0.16221040687801477, "test_mape": 0.11943457699953815, "_timestamp": 1722071895.861941, "_runtime": 4924.651728153229, "_step": 19, "_wandb": {"runtime": 4920}}