{"epoch": 12, "train_loss": 0.01419660372330862, "dev_mape": 0.16094526276148963, "test_mape": 0.15303191831161267, "_timestamp": 1722071185.3635743, "_runtime": 4187.585903167725, "_step": 13, "_wandb": {"runtime": 4186}}