MAGNet,Informer,One-shot LSTM,BiLSTM
0.9000898586113426,0.8612827036043844,0.8079124413337956,0.6832333611859831
