MAGNet,Informer,One-shot LSTM,BiLSTM
0.03686829307224081,0.048036799324806735,0.05958752361262264,0.07573322485866513
