Model,Average alpha accuracy
MAGNet,0.9000898586113426
Informer,0.8612827036043845
One-shot LSTM,0.8079124413337955
BiLSTM,0.6832333611859831
