MAGNet,Informer,One-shot LSTM,BiLSTM
0.9591417764431069,0.8949462992082683,0.8312293106448575,0.8136140382736388
