MAGNet,Informer,One-shot LSTM,BiLSTM
0.04830407295338797,0.07225852256699004,0.08423985319010685,0.08741585962411463
