MAGNet,Informer,One-shot LSTM,BiLSTM
0.050575834231507535,0.07225852256699004,0.08423985319010685,0.08741585962411463
