Model,Average alpha accuracy
MAGNet,0.9638009191140121
Informer,0.8949462992082685
One-shot LSTM,0.8312293106448575
BiLSTM,0.813614038273639
