Model,Average alpha accuracy
MAGNet,0.8802483936329049
Informer,0.8397928147107528
One-shot LSTM,0.7417129458910753
BiLSTM,0.7478344202801963
