MAGNet,Informer,One-shot LSTM,BiLSTM
0.10702275508902193,0.13164746117281448,0.158375329038801,0.17125400474991315
