Overall,Target,Source,NCM_unseen,LFP_unseen
0.963800919114012,0.9797954822954822,0.9598022783186446,0.8802483936329049,0.9000898586113426
