Overall,Target,Source,Unseen
0.048072758280874914,0.04414072403257402,0.049055766842950134,0.03686829307224081
