Overall,Target,Source,NCM_unseen,LFP_unseen
0.05046413592395198,0.047439386971139655,0.051220323162155065,0.10702275508902194,0.03686829307224081
