Overall,Target,Source,Unseen
0.9591417764431067,0.9756684981684982,0.955010096011759,0.9000898586113426
