Overall,Target,Source,NCM_unseen,LFP_unseen
0.8949462992082684,0.6538674519924521,0.9552160110122226,0.8397928147107527,0.8612827036043844
