Overall,Target,Source,Unseen
0.8949462992082684,0.6538674519924521,0.9552160110122226,0.7324255089592955
