Overall,Target,Source,Unseen
0.07138721919405752,0.1467176425581177,0.05255461335304247,0.048036799324806735
