Overall,Target,Source,NCM_unseen,LFP_unseen
0.8774868271882865,0.5676183538683539,0.9549539455182697,0.8382228415668629,0.8461843364599996
