Overall,Target,Source,Unseen
0.0741482015185234,0.17117409789934754,0.04989172742331738,0.04809215725298838
