Overall,Target,Source,Unseen
0.8774868271882865,0.5676183538683539,0.9549539455182697,0.8461843364599996
