Overall,Target,Source,NCM_unseen,LFP_unseen
0.9473618984357624,0.9689971602471603,0.9419530829829128,0.840554934393522,0.8285205685315907
