Overall,Target,Source,Unseen
0.06000931145011818,0.06497625866904855,0.058767574645385595,0.05212076093766602
