{"epoch": 0, "train_loss": 0.19072828344952047, "dev_mape": 0.2299466579260576, "test_mape": -1, "_timestamp": 1722066935.6919694, "_runtime": 75.80972027778625, "_step": 0}