{"epoch": 3, "train_loss": 0.8830833382855833, "dev_mape": 1.0089755689226079, "test_mape": 0.8578196349324284, "_timestamp": 1722069629.8491106, "_runtime": 2189.381014585495, "_step": 4, "_wandb": {"runtime": 2183}}