{"epoch": 5, "train_loss": 0.8828112218894211, "dev_mape": 1.010072579484803, "test_mape": 0.8534307114600694, "_timestamp": 1722070671.7577703, "_runtime": 3242.3690662384033, "_step": 6, "_wandb": {"runtime": 3240}}