Condition,Average alpha accuracy
CY25-1,0.653867451992452
CY25-05,0.9370650144972221
CY45-05,0.9923819475920601
CY25-025,0.8984739097797947
CY35-05,0.9929431721798134
