Condition,Average alpha accuracy
NCA_CY25-1_1-,0.615030895030895
NCA_CY25-05_1-,0.9016542185159016
NCA_CY45-05_1-,0.9767196094560624
NCA_CY25-025_1-,0.6816103145935466
NCA_CY35-05_1-,0.8930551537717887
