Condition,Average alpha accuracy
CY25-1,0.6329088041588041
CY25-05,0.8728494939419226
CY45-05,0.9798593953109191
CY25-025,0.7450411583707417
CY35-05,0.9254877014419
