Condition,Average alpha accuracy
CY25-1,0.9714996114996115
CY25-05,0.44308139701890803
CY45-05,0.5150606528081163
CY25-025,0.45715722339999565
CY35-05,0.38569853611896165
