Condition,Average alpha accuracy
CY25-1,0.615030895030895
CY25-05,0.9016542185159016
CY45-05,0.9767196094560623
CY25-025,0.6816103145935466
CY35-05,0.8930551537717887
