{"epoch": 5, "train_loss": 0.8826844564450332, "dev_mape": 1.0095982203111917, "test_mape": 0.8553905098495954, "_timestamp": 1722070699.2813792, "_runtime": 3105.1323442459106, "_step": 6, "_wandb": {"runtime": 3102}}