{"epoch": 3, "train_loss": 0.8828662762454912, "dev_mape": 1.0092296943950385, "test_mape": 0.8564471575734453, "_timestamp": 1722069375.4043028, "_runtime": 2022.9260399341583, "_step": 4, "_wandb": {"runtime": 2019}}