Condition,Average alpha accuracy
03,0.8233292220151387
09,0.5992255462728
21,0.975795573133416
06,0.9608209174216565
