Condition,Average alpha accuracy
03,0.8828628257910407
09,0.7388427125356254
21,0.9520030347927664
06,0.947285001412187
