{"epoch": 4, "train_loss": 0.884532005568735, "dev_mape": 1.0084850479001426, "test_mape": 0.8649723086808973, "_timestamp": 1722070037.964399, "_runtime": 2448.817689180374, "_step": 5, "_wandb": {"runtime": 2443}}