Condition,Average alpha accuracy
CY25-1,1.0
CY25-05,0.9208209370602585
CY45-05,0.9897481566880287
CY25-025,0.8163288315440768
CY35-05,0.9925338379626659
