Condition,Average alpha accuracy
CY25-1,0.9756684981684982
CY25-05,0.9607116573885489
CY45-05,0.9916421955165207
CY25-025,0.8725889908535865
CY35-05,0.9950975402883799
