{"epoch": 13, "train_loss": 0.01701816079005891, "dev_mape": 0.16689097457157395, "test_mape": 0.16291842205666782, "_timestamp": 1722071591.9369335, "_runtime": 4605.292016506195, "_step": 14, "_wandb": {"runtime": 4602}}