{"epoch": 15, "train_loss": 0.013596732298435728, "dev_mape": 0.16293081434673684, "test_mape": 0.14124693266933072, "_timestamp": 1722071524.2635088, "_runtime": 4534.770555734634, "_step": 16, "_wandb": {"runtime": 4531}}