{"epoch": 14, "train_loss": 0.8385981965688319, "dev_mape": 0.9697726698462147, "test_mape": 0.7933380991586176, "_timestamp": 1722071882.8333051, "_runtime": 4448.828043222427, "_step": 15, "_wandb": {"runtime": 4446}}